	Author Keywords															
"""Big data analytics; Entanglement view; Hierarchical modeling"";;;"	"""Big data analytics"	";"	 Entanglement view	";"	" Hierarchical modeling"""	";"		";"		";"						
";;;;;"		";"		";"		";"		";"		";"						
"""Big Data; Data analysis; Data deluge; Data-intensive applications; Decision making"";"	"""Big Data"	";"	 Data analysis	";"	 Data deluge	";"	 Data-intensive applications	";"	" Decision making"""	";"						
"""bottleneck; manufacturing systems"";;;;"	"""bottleneck"	";"	" manufacturing systems"""	";"		";"		";"		";"						
"""Decision-making profiles; Partial Least Squares Discriminant Analysis (PLS-DA); Serious games analytics; Similarity measures"";;"	"""Decision-making profiles"	";"	 Partial Least Squares Discriminant Analysis (PLS-DA)	";"	 Serious games analytics	";"	" Similarity measures"""	";"		";"						
"""Big data; Image restoration; Prior models"";;;"	"""Big data"	";"	 Image restoration	";"	" Prior models"""	";"		";"		";"						
"""Bees algorithm; Optimized scheduling; Perception data-driven; Sustainable manufacturing"";;"	"""Bees algorithm"	";"	 Optimized scheduling	";"	 Perception data-driven	";"	" Sustainable manufacturing"""	";"		";"						
"""Consumer behavior; habit identification; marketing; new technologies; sensor networks"";"	"""Consumer behavior"	";"	 habit identification	";"	 marketing	";"	 new technologies	";"	" sensor networks"""	";"						
"""Drug development; Personalized medicine; Predictive analytics; Real world data"";;"	"""Drug development"	";"	 Personalized medicine	";"	 Predictive analytics	";"	" Real world data"""	";"		";"						
"""Big data; Event-driven business process management; Predictive analytics; Prescriptive analytics; Process industry"";"	"""Big data"	";"	 Event-driven business process management	";"	 Predictive analytics	";"	 Prescriptive analytics	";"	" Process industry"""	";"						
"""Big data analytics; Organizational performance management; Public sector"";;;"	"""Big data analytics"	";"	 Organizational performance management	";"	" Public sector"""	";"		";"		";"						
"""Big Data; Industrie 4.0; IoT; Laser; Stanze; Werkzeugmaschine"""	"""Big Data"	";"	 Industrie 4.0	";"	 IoT	";"	 Laser	";"	 Stanze	";"	" Werkzeugmaschine"""					
"""bottleneck detection; managing complexity; managing variability; Smart Data"";;"	"""bottleneck detection"	";"	 managing complexity	";"	 managing variability	";"	" Smart Data"""	";"		";"						
"""case study; mobility; nonprofit organization; sequential mixed-method study; social media; unified theory of acceptance and use of technology"""	"""case study"	";"	 mobility	";"	 nonprofit organization	";"	 sequential mixed-method study	";"	 social media	";"	" unified theory of acceptance and use of technology"""					
"""Analytical orientation; Process innovation; RBT"";;;"	"""Analytical orientation"	";"	 Process innovation	";"	" RBT"""	";"		";"		";"						
"""big data; Emergency management; information systems; organisational mindfulness"";;"	"""big data"	";"	 Emergency management	";"	 information systems	";"	" organisational mindfulness"""	";"		";"						
"""case study; Data mining; multi-tier manufacturing"";;;"	"""case study"	";"	 Data mining	";"	" multi-tier manufacturing"""	";"		";"		";"						
"""business process; requirements gathering; Workshop"";;;"	"""business process"	";"	 requirements gathering	";"	" Workshop"""	";"		";"		";"						
"""Big data; Disruptive innovation; Systematic review"";;;"	"""Big data"	";"	 Disruptive innovation	";"	" Systematic review"""	";"		";"		";"						
";;;;;"		";"		";"		";"		";"		";"						
"""Decision guidance; Process analytics; Sustainable manufacturing; What-if analysis"";;"	"""Decision guidance"	";"	 Process analytics	";"	 Sustainable manufacturing	";"	" What-if analysis"""	";"		";"						
";;;;;"		";"		";"		";"		";"		";"						
";;;;;"		";"		";"		";"		";"		";"						
"""Big data; Operational analysis and decision-making"";;;;"	"""Big data"	";"	" Operational analysis and decision-making"""	";"		";"		";"		";"						
"""Adoption; IRP; Risk mitigation strategies; SAP-LAP; Telecom service provider"";"	"""Adoption"	";"	 IRP	";"	 Risk mitigation strategies	";"	 SAP-LAP	";"	" Telecom service provider"""	";"						
"""Biologics; Industrial case study; Multivariate data analysis; Sterile drug product manufacturing"";;"	"""Biologics"	";"	 Industrial case study	";"	 Multivariate data analysis	";"	" Sterile drug product manufacturing"""	";"		";"						
"""Big data; data analytics; e-governance; policy cycle; public policy"";"	"""Big data"	";"	 data analytics	";"	 e-governance	";"	 policy cycle	";"	" public policy"""	";"						
"""Big Data; ethnography; symbolic creativity; technology; Thick data"";"	"""Big Data"	";"	 ethnography	";"	 symbolic creativity	";"	 technology	";"	" Thick data"""	";"						
"""Cloud service platform; Scheduling algorithm; Scientific workflow"";;;"	"""Cloud service platform"	";"	 Scheduling algorithm	";"	" Scientific workflow"""	";"		";"		";"						
"""Big data; Social networking site; Sustainable manufacturing; World class sustainable manufacturing"";;"	"""Big data"	";"	 Social networking site	";"	 Sustainable manufacturing	";"	" World class sustainable manufacturing"""	";"		";"						
"""Big Data visualization; Logistics; RFID; Shopfloor"";;"	"""Big Data visualization"	";"	 Logistics	";"	 RFID	";"	" Shopfloor"""	";"		";"						
"""Big data; Customized processing; FDM; Hydrostatic bearing system design"";;"	"""Big data"	";"	 Customized processing	";"	 FDM	";"	" Hydrostatic bearing system design"""	";"		";"						
"""Big data; IoT"";;;;"	"""Big data"	";"	" IoT"""	";"		";"		";"		";"						
";;;;;"		";"		";"		";"		";"		";"						
"""Big data; Feature selection; Hadoop; Mapreduce"";;"	"""Big data"	";"	 Feature selection	";"	 Hadoop	";"	" Mapreduce"""	";"		";"						
";;;;;"		";"		";"		";"		";"		";"						
"""Data Mining Framework; Test Time Optimization"";;;;"	"""Data Mining Framework"	";"	" Test Time Optimization"""	";"		";"		";"		";"						
"""Analytics; OR in sports; Perception vs. reality"";;;"	"""Analytics"	";"	 OR in sports	";"	" Perception vs. reality"""	";"		";"		";"						
"""campaign activity; political parties; structural complexity; using the Internet"";;"	"""campaign activity"	";"	 political parties	";"	 structural complexity	";"	" using the Internet"""	";"		";"						
"""Data analytics; Free-floating carsharing; Spatial analysis"";;;"	"""Data analytics"	";"	 Free-floating carsharing	";"	" Spatial analysis"""	";"		";"		";"						
"""Data-driven decision making; Teacher capacity"";;;;"	"""Data-driven decision making"	";"	" Teacher capacity"""	";"		";"		";"		";"						
"""Analytics; Decision-making; Libraries; Managing; Strategic priorities"";"	"""Analytics"	";"	 Decision-making	";"	 Libraries	";"	 Managing	";"	" Strategic priorities"""	";"						
"""Business plan; gated community; leadership; private club"";;"	"""Business plan"	";"	 gated community	";"	 leadership	";"	" private club"""	";"		";"						
"""Big data; Data-driven business model; Start-up business model"";;;"	"""Big data"	";"	 Data-driven business model	";"	" Start-up business model"""	";"		";"		";"						
"""BDA; Enterprise resource planning; ERP; SC; SCM; Supply chain management Supply chains"""	"""BDA"	";"	 Enterprise resource planning	";"	 ERP	";"	 SC	";"	 SCM	";"	 Supply chain management	" Supply chains"""				
";;;;;"		";"		";"		";"		";"		";"						
";;;;;"		";"		";"		";"		";"		";"						
";;;;;"		";"		";"		";"		";"		";"						
"""Data driven; GIS; Information gain ratio; Variation coefficient"";;"	"""Data driven"	";"	 GIS	";"	 Information gain ratio	";"	" Variation coefficient"""	";"		";"						
"""Data mining; maintenance strategy; multi-state system"";;;"	"""Data mining"	";"	 maintenance strategy	";"	" multi-state system"""	";"		";"		";"						
"""Analytics; Insights; Pattern; Sales forecasting"";;"	"""Analytics"	";"	 Insights	";"	 Pattern	";"	" Sales forecasting"""	";"		";"						
"""Frequently changing data;;;;;"	"""Frequently changing data"	";"		";"		";"		";"		";"						
"""Big data; Business Process Improvement; Cloud computing"";;;"	"""Big data"	";"	 Business Process Improvement	";"	" Cloud computing"""	";"		";"		";"						
"""Big data; Data analysis; Data mining; Data utilizing"";;"	"""Big data"	";"	 Data analysis	";"	 Data mining	";"	" Data utilizing"""	";"		";"						
"""Big data; Business intelligence; Coal-fired; NOx"";;"	"""Big data"	";"	 Business intelligence	";"	 Coal-fired	";"	" NOx"""	";"		";"						
"""Big data; Statistical analysis; Venture"";;;"	"""Big data"	";"	 Statistical analysis	";"	" Venture"""	";"		";"		";"						
"""Analytics; Business value; Maturity model"";;;"	"""Analytics"	";"	 Business value	";"	" Maturity model"""	";"		";"		";"						
"""Business intelligence (BI); Decision making; Higher education; Postgraduate (PG) data"";;"	"""Business intelligence (BI)"	";"	 Decision making	";"	 Higher education	";"	" Postgraduate (PG) data"""	";"		";"						
"""Artificial Intelligence(AI); Crossover; Genetic Algorithm(GA); Micro Clustering (MC); Mutation"";"	"""Artificial Intelligence(AI)"	";"	 Crossover	";"	 Genetic Algorithm(GA)	";"	 Micro Clustering (MC)	";"	" Mutation"""	";"						
"""Apriori algorithm; Computer-aided; Data mining"";;;"	"""Apriori algorithm"	";"	 Computer-aided	";"	" Data mining"""	";"		";"		";"						
"""data analytics; performance management; performance measurement; program evaluation"";;"	"""data analytics"	";"	 performance management	";"	 performance measurement	";"	" program evaluation"""	";"		";"						
"""Business analytics; MSME"";;;;"	"""Business analytics"	";"	" MSME"""	";"		";"		";"		";"						
"""And qualitative methods; Business analytics; Content analysis; Delphi method"";;"	"""And qualitative methods"	";"	 Business analytics	";"	 Content analysis	";"	" Delphi method"""	";"		";"						
"""Business analytics; Maturity levels"";;;;"	"""Business analytics"	";"	" Maturity levels"""	";"		";"		";"		";"						
"""Analytics; Medical informatics"";;;;"	"""Analytics"	";"	" Medical informatics"""	";"		";"		";"		";"						
"""Business-to-business-to-business (B2B2B) commerce; Nonlinear optimization; Parameter estimation; Predictive lead scoring; Price elasticity; Price optimization Propensity modeling"""	"""Business-to-business-to-business (B2B2B) commerce"	";"	 Nonlinear optimization	";"	 Parameter estimation	";"	 Predictive lead scoring	";"	 Price elasticity	";"	 Price optimization	" Propensity modeling"""				
"""Decision tree; EEG; Genetic algorithm; Linear discriminant analysis; Sensitivity; Specificity"""	"""Decision tree"	";"	 EEG	";"	 Genetic algorithm	";"	 Linear discriminant analysis	";"	 Sensitivity	";"	" Specificity"""					
";;;;;"		";"		";"		";"		";"		";"						
"""Combining journal ranking indices; Meta-indices"";;;;"	"""Combining journal ranking indices"	";"	" Meta-indices"""	";"		";"		";"		";"						
"""Ambidexterity; Decision processes"";;;;"	"""Ambidexterity"	";"	" Decision processes"""	";"		";"		";"		";"						
"""60 GHz; IEEE 802.11ad; medical big-data platforms; Stochastic decision making"";;"	"""60 GHz"	";"	 IEEE 802.11ad	";"	 medical big-data platforms	";"	" Stochastic decision making"""	";"		";"						
"""Code of conduct; Ethics; Knowledge; Learning; Privacy"";"	"""Code of conduct"	";"	 Ethics	";"	 Knowledge	";"	 Learning	";"	" Privacy"""	";"						
"""Bibliometrics; Business Analytics; Supply Chain; Systematic Analysis"";;"	"""Bibliometrics"	";"	 Business Analytics	";"	 Supply Chain	";"	" Systematic Analysis"""	";"		";"						
";;;;;"		";"		";"		";"		";"		";"						
";;;;;"		";"		";"		";"		";"		";"						
"""Condition-based maintenance; Equipment degradation prediction; Probabilistic training; Two-stage maintenance framework"";;"	"""Condition-based maintenance"	";"	 Equipment degradation prediction	";"	 Probabilistic training	";"	" Two-stage maintenance framework"""	";"		";"						
"""Advanced process control (APC); equipment engineering system (EES), fault detection and classification (FDC), machine-to-machine (M2M)"";;;;"	"""Advanced process control (APC)"	";"	" equipment engineering system (EES), fault detection and classification (FDC), machine-to-machine (M2M)"""	";"		";"		";"		";"						
"""Business analytics (BA); data-driven environment (DDE); decision-making effectiveness (DME); information processing capability (IPC); information processing view"";"	"""Business analytics (BA)"	";"	 data-driven environment (DDE)	";"	 decision-making effectiveness (DME)	";"	 information processing capability (IPC)	";"	" information processing view"""	";"						
"""Analytics; RFID; Traceability; Trade show"";;"	"""Analytics"	";"	 RFID	";"	 Traceability	";"	" Trade show"""	";"		";"						
";;;;;"		";"		";"		";"		";"		";"						
";;;;;"		";"		";"		";"		";"		";"						
"""Big Data; Data Mining; Design; Hadoop; Machine Learning; Manufacturing Map Reduce Algorithm Sensors"""	"""Big Data"	";"	 Data Mining	";"	 Design	";"	 Hadoop	";"	 Machine Learning	";"	 Manufacturing	 Map Reduce Algorithm	" Sensors"""			
"""Aspect ratio; Decision trees; Pellets"";;;"	"""Aspect ratio"	";"	 Decision trees	";"	" Pellets"""	";"		";"		";"						
"""Business ecosystem; Information visualization; Interorganizational networks"";;;"	"""Business ecosystem"	";"	 Information visualization	";"	" Interorganizational networks"""	";"		";"		";"						
"""Big data; Conceptual models; OLAP cube; RDF/XML"";;"	"""Big data"	";"	 Conceptual models	";"	 OLAP cube	";"	" RDF/XML"""	";"		";"						
";;;;;"		";"		";"		";"		";"		";"						
";;;;;"		";"		";"		";"		";"		";"						
";;;;;"		";"		";"		";"		";"		";"						
";;;;;"		";"		";"		";"		";"		";"						
"""Audit judgment; Data analytics; Information processing weaknesses"";;;"	"""Audit judgment"	";"	 Data analytics	";"	" Information processing weaknesses"""	";"		";"		";"						
"""Analytics; Computerized decision support; Data-driven decision making; New data streams; Strategic decision making; Use cases"""	"""Analytics"	";"	 Computerized decision support	";"	 Data-driven decision making	";"	 New data streams	";"	 Strategic decision making	";"	" Use cases"""					
"""Reliable and trustable answer; Uncertain Big Data; Useful knowledge"";;;"	"""Reliable and trustable answer"	";"	 Uncertain Big Data	";"	" Useful knowledge"""	";"		";"		";"						
";;;;;"		";"		";"		";"		";"		";"						
"""Big data; Information integration; Open data; Smart; Text mining"";"	"""Big data"	";"	 Information integration	";"	 Open data	";"	 Smart	";"	" Text mining"""	";"						
";;;;;"		";"		";"		";"		";"		";"						
";;;;;"		";"		";"		";"		";"		";"						
"""Big Data; Strategic decision-making; Unstructured data"";;;"	"""Big Data"	";"	 Strategic decision-making	";"	" Unstructured data"""	";"		";"		";"						
"""analytic hierarchy processing; cloud; cloud computing; disaster risk reduction; emergency evacuation"";"	"""analytic hierarchy processing"	";"	 cloud	";"	 cloud computing	";"	 disaster risk reduction	";"	" emergency evacuation"""	";"						
"""Database; Impact; Risk management; Territorial context"";;"	"""Database"	";"	 Impact	";"	 Risk management	";"	" Territorial context"""	";"		";"						
"""Data-driven decision-making; Educational planning; Local government; Millennium development goals; Nigeria"";"	"""Data-driven decision-making"	";"	 Educational planning	";"	 Local government	";"	 Millennium development goals	";"	" Nigeria"""	";"						
";;;;;"		";"		";"		";"		";"		";"						
";;;;;"		";"		";"		";"		";"		";"						
"""Data collection; Evidence-based practice; Occupational therapy; Outcome and process assessment (health care)"";;"	"""Data collection"	";"	 Evidence-based practice	";"	 Occupational therapy	";"	" Outcome and process assessment (health care)"""	";"		";"						
"""Conceptual framework; Higher education institutions; Students’ data"";;;"	"""Conceptual framework"	";"	 Higher education institutions	";"	" Students’ data"""	";"		";"		";"						
"""concerns; Educational psychology"";;;;"	"""concerns"	";"	" Educational psychology"""	";"		";"		";"		";"						
"""accountability; data use; Data-driven decision making; literacy coach; professional learning community; school and district leadership sociocultural learning theory"""	"""accountability"	";"	 data use	";"	 Data-driven decision making	";"	 literacy coach	";"	 professional learning community	";"	 school and district leadership	" sociocultural learning theory"""				
"""Autoregression; Shannon entropy; Stock data. decision tree"";;;"	"""Autoregression"	";"	 Shannon entropy	";"	" Stock data. decision tree"""	";"		";"		";"						
"""Data mining; Information gain; Match evaluation; Optimization theory"";;"	"""Data mining"	";"	 Information gain	";"	 Match evaluation	";"	" Optimization theory"""	";"		";"						
"""Big data; Business intelligence; Data governance; Data scientist; Decision support; Framework Unstructured data"""	"""Big data"	";"	 Business intelligence	";"	 Data governance	";"	 Data scientist	";"	 Decision support	";"	 Framework	" Unstructured data"""				
"""Appreciative inquiry; Education and training; Framework"";;;"	"""Appreciative inquiry"	";"	 Education and training	";"	" Framework"""	";"		";"		";"						
"""Business enterprise; Telecommunications"";;;;"	"""Business enterprise"	";"	" Telecommunications"""	";"		";"		";"		";"						
"""Big data analytics; Digitization; Information society; Societal transformation"";;"	"""Big data analytics"	";"	 Digitization	";"	 Information society	";"	" Societal transformation"""	";"		";"						
"""Big data; Knowledge management; Leadership; Management; The internet of things"";"	"""Big data"	";"	 Knowledge management	";"	 Leadership	";"	 Management	";"	" The internet of things"""	";"						
";;;;;"		";"		";"		";"		";"		";"						
"""Big Data; Complex event processing; Sensor-based real-time monitoring"";;;"	"""Big Data"	";"	 Complex event processing	";"	" Sensor-based real-time monitoring"""	";"		";"		";"						
"""Big data; Manufacturing execution system; Textile industry"";;;"	"""Big data"	";"	 Manufacturing execution system	";"	" Textile industry"""	";"		";"		";"						
"""3/4PL; Big data analytics; Big data logistics business platform (BDLBP); Business intelligence; Cloud computing"";"	"""3/4PL"	";"	 Big data analytics	";"	 Big data logistics business platform (BDLBP)	";"	 Business intelligence	";"	" Cloud computing"""	";"						
"""Big data; Decision support systems; Processes"";;;"	"""Big data"	";"	 Decision support systems	";"	" Processes"""	";"		";"		";"						
"""Big data; Data analysis; Data mining; Data utilizing"";;"	"""Big data"	";"	 Data analysis	";"	 Data mining	";"	" Data utilizing"""	";"		";"						
"""Big Data; Firm-level analysis; ICTs; Industrial policy; Text mining"";"	"""Big Data"	";"	 Firm-level analysis	";"	 ICTs	";"	 Industrial policy	";"	" Text mining"""	";"						
"""BI; Business intelligence; ELT; ELTA; ETL; SOA"""	"""BI"	";"	 Business intelligence	";"	 ELT	";"	 ELTA	";"	 ETL	";"	" SOA"""					
"""Big data; Internet of things; Mixed reality; Social media; Virtual reality"";"	"""Big data"	";"	 Internet of things	";"	 Mixed reality	";"	 Social media	";"	" Virtual reality"""	";"						
"""big data; market orientation; marketing strategy; small business marketing"";;"	"""big data"	";"	 market orientation	";"	 marketing strategy	";"	" small business marketing"""	";"		";"						
";;;;;"		";"		";"		";"		";"		";"						
"""Analytics; Business intelligence; Curriculum development; Model curriculum"";;"	"""Analytics"	";"	 Business intelligence	";"	 Curriculum development	";"	" Model curriculum"""	";"		";"						
";;;;;"		";"		";"		";"		";"		";"						
"""Big data; Multidimensional index; P2P; Semantic space; Similarity search"";"	"""Big data"	";"	 Multidimensional index	";"	 P2P	";"	 Semantic space	";"	" Similarity search"""	";"						
"""Markovian continuous flow; Multi-stage production system; Supervisory control"";;;"	"""Markovian continuous flow"	";"	 Multi-stage production system	";"	" Supervisory control"""	";"		";"		";"						
";;;;;"		";"		";"		";"		";"		";"						
"""Manufacturing; Theory and modeling"";;;;"	"""Manufacturing"	";"	" Theory and modeling"""	";"		";"		";"		";"						
"""Automotive engine testing; Inter quartile range; Manufacturing quality; Outlier analysis"";;"	"""Automotive engine testing"	";"	 Inter quartile range	";"	 Manufacturing quality	";"	" Outlier analysis"""	";"		";"						
"""Data mining; quality assessment; support vector machine"";;;"	"""Data mining"	";"	 quality assessment	";"	" support vector machine"""	";"		";"		";"						
"""Business process; Decision tree; Markov chain; Prediction"";;"	"""Business process"	";"	 Decision tree	";"	 Markov chain	";"	" Prediction"""	";"		";"						
";;;;;"		";"		";"		";"		";"		";"						
"""Data clustering; Hierarchical rough set approximation; Maximal association rules mining; Rough set theory"";;"	"""Data clustering"	";"	 Hierarchical rough set approximation	";"	 Maximal association rules mining	";"	" Rough set theory"""	";"		";"						
"""Decision-making; Information management; Organizational performance"";;;"	"""Decision-making"	";"	 Information management	";"	" Organizational performance"""	";"		";"		";"						
"""Medication safety; Quality control"";;;;"	"""Medication safety"	";"	" Quality control"""	";"		";"		";"		";"						
";;;;;"		";"		";"		";"		";"		";"						
"""AACSB; Accreditation; Analytics; Business intelligence; IS 2010; Model curriculum"""	"""AACSB"	";"	 Accreditation	";"	 Analytics	";"	 Business intelligence	";"	 IS 2010	";"	" Model curriculum"""					
"""Business transformation; KPI; Legacy metrics"";;;"	"""Business transformation"	";"	 KPI	";"	" Legacy metrics"""	";"		";"		";"						
"""business analytics; information dashboard design; resource-based view"";;;"	"""business analytics"	";"	 information dashboard design	";"	" resource-based view"""	";"		";"		";"						
"""Data integration; Spatial business intelligence; Spatiotemporal data"";;;"	"""Data integration"	";"	 Spatial business intelligence	";"	" Spatiotemporal data"""	";"		";"		";"						
"""Business analytics; Dashboard; Foresight; Monitoring; Profiling; State programmes"""	"""Business analytics"	";"	 Dashboard	";"	 Foresight	";"	 Monitoring	";"	 Profiling	";"	" State programmes"""					
"""Business analytics; Business model; Cloud computing; Pricing; Software as a service (SaaS)"";"	"""Business analytics"	";"	 Business model	";"	 Cloud computing	";"	 Pricing	";"	" Software as a service (SaaS)"""	";"						
";;;;;"		";"		";"		";"		";"		";"						
"""Business analytics; Delphi study; Resource-based view; Thematic content analysis"";;"	"""Business analytics"	";"	 Delphi study	";"	 Resource-based view	";"	" Thematic content analysis"""	";"		";"						
"""B2B; Conversion; Web analytics; Web form"";;"	"""B2B"	";"	 Conversion	";"	 Web analytics	";"	" Web form"""	";"		";"						
"""BIA strategy formulation; Diagnostic framework"";;;;"	"""BIA strategy formulation"	";"	" Diagnostic framework"""	";"		";"		";"		";"						
"""Business analytics (BA); Make analyse (MA) and delivery analyse (DA); Plan analyse (PA); Source analyse (SA); Supply chain operations reference (SCOR) model; Supply chain performance (SCP)"""	"""Business analytics (BA)"	";"	 Make analyse (MA) and delivery analyse (DA)	";"	 Plan analyse (PA)	";"	 Source analyse (SA)	";"	 Supply chain operations reference (SCOR) model	";"	" Supply chain performance (SCP)"""					
"""Data mining; Logistics information system"";;;;"	"""Data mining"	";"	" Logistics information system"""	";"		";"		";"		";"						
"""big data analytics; longitudinal data analysis; root cause detection; Sub-batch processing system"";;"	"""big data analytics"	";"	 longitudinal data analysis	";"	 root cause detection	";"	" Sub-batch processing system"""	";"		";"						
";;;;;"		";"		";"		";"		";"		";"						
"""Business intelligence; Computer graphics; Graphics; Social media; Sunburst visualization; Visual analytics Visualizations"""	"""Business intelligence"	";"	 Computer graphics	";"	 Graphics	";"	 Social media	";"	 Sunburst visualization	";"	 Visual analytics	" Visualizations"""				
";;;;;"		";"		";"		";"		";"		";"						
";;;;;"		";"		";"		";"		";"		";"						
";;;;;"		";"		";"		";"		";"		";"						
"""analytics; information management; knowledge management; population health"";;"	"""analytics"	";"	 information management	";"	 knowledge management	";"	" population health"""	";"		";"						
"""African American students; racism; social; subjects; urban; urban education"""	"""African American students"	";"	 racism	";"	 social	";"	 subjects	";"	 urban	";"	" urban education"""					
";;;;;"		";"		";"		";"		";"		";"						
"""BI&A; Business intelligence; Marketing; Q methodology; Subjectivity study"";"	"""BI&A"	";"	 Business intelligence	";"	 Marketing	";"	 Q methodology	";"	" Subjectivity study"""	";"						
"""Big data; Competitive strategy; Data mining; Decision support systems; Disruptive technologies; Information resources Intelligent systems IS curriculum IS research agenda Panels"""	"""Big data"	";"	 Competitive strategy	";"	 Data mining	";"	 Decision support systems	";"	 Disruptive technologies	";"	 Information resources	 Intelligent systems	 IS curriculum	 IS research agenda	" Panels"""	
";;;;;"		";"		";"		";"		";"		";"						
"""Big data; Business intelligence; Curriculum development; Decision support systems; IS field; Pedagogy Survey Teaching"""	"""Big data"	";"	 Business intelligence	";"	 Curriculum development	";"	 Decision support systems	";"	 IS field	";"	 Pedagogy	 Survey	" Teaching"""			
"""Big data; Pharmacovigilance"";;;;"	"""Big data"	";"	" Pharmacovigilance"""	";"		";"		";"		";"						
"""data-driven decision making; mobile usability testing; multi-criteria decision making; tablet usability testing; user-centric Web site design"";"	"""data-driven decision making"	";"	 mobile usability testing	";"	 multi-criteria decision making	";"	 tablet usability testing	";"	" user-centric Web site design"""	";"						
"""Data use; Data-driven teaching; Professionalization; Student monitoring system"";;"	"""Data use"	";"	 Data-driven teaching	";"	 Professionalization	";"	" Student monitoring system"""	";"		";"						
"""access services; customer needs; customer service; environmental scanning; evaluation; library value public services strategic planning"""	"""access services"	";"	 customer needs	";"	 customer service	";"	 environmental scanning	";"	 evaluation	";"	 library value	 public services	" strategic planning"""			
"""GIS; Hard-rock aquifer; Multi-criteria decision making; Multiple linear regression; Remote sensing"";"	"""GIS"	";"	 Hard-rock aquifer	";"	 Multi-criteria decision making	";"	 Multiple linear regression	";"	" Remote sensing"""	";"						
";;;;;"		";"		";"		";"		";"		";"						
"""College completion; Data analytics; Data driven decision making; Data literacy; Student success"";"	"""College completion"	";"	 Data analytics	";"	 Data driven decision making	";"	 Data literacy	";"	" Student success"""	";"						
";;;;;"		";"		";"		";"		";"		";"						
"""data; library management; reorganization; staffing"";;"	"""data"	";"	 library management	";"	 reorganization	";"	" staffing"""	";"		";"						
"""ERP system; operational laws; the induced interval-valued intuitionistic fuzzy Einstein ordered weighted average (I-IVIFEOWA) operator"";;;"	"""ERP system"	";"	 operational laws	";"	" the induced interval-valued intuitionistic fuzzy Einstein ordered weighted average (I-IVIFEOWA) operator"""	";"		";"		";"						
"""Big Data; Predictive manufacturing systems; Sensor-based real-time monitoring"";;;"	"""Big Data"	";"	 Predictive manufacturing systems	";"	" Sensor-based real-time monitoring"""	";"		";"		";"						
";;;;;"		";"		";"		";"		";"		";"						
"""Big data; Competencies; Latent semantic analysis; Text mining"";;"	"""Big data"	";"	 Competencies	";"	 Latent semantic analysis	";"	" Text mining"""	";"		";"						
";;;;;"		";"		";"		";"		";"		";"						
";;;;;"		";"		";"		";"		";"		";"						
"""Big data; Big data ecosystem"";;;;"	"""Big data"	";"	" Big data ecosystem"""	";"		";"		";"		";"						
";;;;;"		";"		";"		";"		";"		";"						
"""Big data science; Process analysis; Traditional chinese medicine manufacturing engineering"";;;"	"""Big data science"	";"	 Process analysis	";"	" Traditional chinese medicine manufacturing engineering"""	";"		";"		";"						
"""Bayesian network; Cumulative effect; Fault rule mining; Multi-stage manufacturing line; Partial least-squares regression"";"	"""Bayesian network"	";"	 Cumulative effect	";"	 Fault rule mining	";"	 Multi-stage manufacturing line	";"	" Partial least-squares regression"""	";"						
";;;;;"		";"		";"		";"		";"		";"						
"""continuous quality assurance; program evaluation; program implementation; supervision and coaching; technical assistance; Wraparound"""	"""continuous quality assurance"	";"	 program evaluation	";"	 program implementation	";"	 supervision and coaching	";"	 technical assistance	";"	" Wraparound"""					
"""Analytics; Decision support systems; Internet/e-commerce"";;;"	"""Analytics"	";"	 Decision support systems	";"	" Internet/e-commerce"""	";"		";"		";"						
"""Food manufacturing; Juice manufacturing; Juice processing; Quality assurance"";;"	"""Food manufacturing"	";"	 Juice manufacturing	";"	 Juice processing	";"	" Quality assurance"""	";"		";"						
";;;;;"		";"		";"		";"		";"		";"						
"""Business decisions; Kinase assay; Mining software; Patent analysis; Text analytics; Visualization software"""	"""Business decisions"	";"	 Kinase assay	";"	 Mining software	";"	 Patent analysis	";"	 Text analytics	";"	" Visualization software"""					
";;;;;"		";"		";"		";"		";"		";"						
"""Business analytics; China market; Corporations; Data mining; Social network"";"	"""Business analytics"	";"	 China market	";"	 Corporations	";"	 Data mining	";"	" Social network"""	";"						
"""Business analytics; Forecasting; Healthcare industry; Optimization"";;"	"""Business analytics"	";"	 Forecasting	";"	 Healthcare industry	";"	" Optimization"""	";"		";"						
"""Business analytics; IT-enabled services; Service innovation; Service-oriented decision support systems"";;"	"""Business analytics"	";"	 IT-enabled services	";"	 Service innovation	";"	" Service-oriented decision support systems"""	";"		";"						
";;;;;"		";"		";"		";"		";"		";"						
"""Analytics programs; Benchmarking; Certificate; Curriculum; Master of Science"";"	"""Analytics programs"	";"	 Benchmarking	";"	 Certificate	";"	 Curriculum	";"	" Master of Science"""	";"						
";;;;;"		";"		";"		";"		";"		";"						
"""Analytics; Business intelligence; Decision making; Decision support; Evidence-based"";"	"""Analytics"	";"	 Business intelligence	";"	 Decision making	";"	 Decision support	";"	" Evidence-based"""	";"						
"""Business analytics; Business intelligence; China; Chinese guanxi; Comparative study; Social commerce"""	"""Business analytics"	";"	 Business intelligence	";"	 China	";"	 Chinese guanxi	";"	 Comparative study	";"	" Social commerce"""					
"""Analytics; Information technology"";;;;"	"""Analytics"	";"	" Information technology"""	";"		";"		";"		";"						
"""Gas pipeline maintenance; Resource allocation; Scheduling; Stochastic emergencies; Utility"";"	"""Gas pipeline maintenance"	";"	 Resource allocation	";"	 Scheduling	";"	 Stochastic emergencies	";"	" Utility"""	";"						
"""dashboards; data visualization; Google Analytics; learning management systems; library assessment; Tableau software transaction logs"""	"""dashboards"	";"	 data visualization	";"	 Google Analytics	";"	 learning management systems	";"	 library assessment	";"	 Tableau software	" transaction logs"""				
"""Big data; Linked data; SKOS"";;;"	"""Big data"	";"	 Linked data	";"	" SKOS"""	";"		";"		";"						
"""Data mining; Methodology"";;;;"	"""Data mining"	";"	" Methodology"""	";"		";"		";"		";"						
"""Analytical capabilities; Business analytics; Business intelligence; Business objectives; Competitive advantage; Enterprise performance Predictive analytics Value creation"""	"""Analytical capabilities"	";"	 Business analytics	";"	 Business intelligence	";"	 Business objectives	";"	 Competitive advantage	";"	 Enterprise performance	 Predictive analytics	" Value creation"""			
"""Athletic injuries; Business analytics; Healthcare; Social media research"";;"	"""Athletic injuries"	";"	 Business analytics	";"	 Healthcare	";"	" Social media research"""	";"		";"						
"""big data; business process analytics; business process management; information technology"";;"	"""big data"	";"	 business process analytics	";"	 business process management	";"	" information technology"""	";"		";"						
";;;;;"		";"		";"		";"		";"		";"						
"""BPR; Business processes integration; CRISP-DM; Data mining; Knowledge management; Process monitoring"""	"""BPR"	";"	 Business processes integration	";"	 CRISP-DM	";"	 Data mining	";"	 Knowledge management	";"	" Process monitoring"""					
"""Analytics; CPS; Cyber-physical Systems; Manufacturing; PHM; Predictive Manufacturing Prognostics and Health Management"""	"""Analytics"	";"	 CPS	";"	 Cyber-physical Systems	";"	 Manufacturing	";"	 PHM	";"	 Predictive Manufacturing	" Prognostics and Health Management"""				
"""Intelligent manufacturing; R programming language; Sequence analysis; Sequence data mining"";;"	"""Intelligent manufacturing"	";"	 R programming language	";"	 Sequence analysis	";"	" Sequence data mining"""	";"		";"						
"""Data mining; End-of-life hospital care; Pain; Plan of care"";;"	"""Data mining"	";"	 End-of-life hospital care	";"	 Pain	";"	" Plan of care"""	";"		";"						
";;;;;"		";"		";"		";"		";"		";"						
"""Analytical reasoning; C-5M; Decision making; Network enabled capability; Trade studies; Visual analytics"""	"""Analytical reasoning"	";"	 C-5M	";"	 Decision making	";"	 Network enabled capability	";"	 Trade studies	";"	" Visual analytics"""					
"""big data; ontology; OWL; semantics; vocabulary"";"	"""big data"	";"	 ontology	";"	 OWL	";"	 semantics	";"	" vocabulary"""	";"						
";;;;;"		";"		";"		";"		";"		";"						
";;;;;"		";"		";"		";"		";"		";"						
"""Cost model development; Process time estimating; Virtual manufacturing"";;;"	"""Cost model development"	";"	 Process time estimating	";"	" Virtual manufacturing"""	";"		";"		";"						
";;;;;"		";"		";"		";"		";"		";"						
"""anthropometric data; data mining; elderly aged female; standard size charts"";;"	"""anthropometric data"	";"	 data mining	";"	 elderly aged female	";"	" standard size charts"""	";"		";"						
"""Cost model development; Process time estimating; Virtual manufacturing"";;;"	"""Cost model development"	";"	 Process time estimating	";"	" Virtual manufacturing"""	";"		";"		";"						
";;;;;"		";"		";"		";"		";"		";"						
";;;;;"		";"		";"		";"		";"		";"						
"""Business analytics; Data analytics; Decision support systems; Instructional strategies; Management information systems project tutorial; Teaching/learning methods"""	"""Business analytics"	";"	 Data analytics	";"	 Decision support systems	";"	 Instructional strategies	";"	 Management information systems project tutorial	";"	" Teaching/learning methods"""					
";;;;;"		";"		";"		";"		";"		";"						
"""motivation; survey research; teacher preparation; teaching"";;"	"""motivation"	";"	 survey research	";"	 teacher preparation	";"	" teaching"""	";"		";"						
"""Data driven decision-making; Measure construction"";;;;"	"""Data driven decision-making"	";"	" Measure construction"""	";"		";"		";"		";"						
"""Big data management; Cluster computing; Meteorological sensor network"";;;"	"""Big data management"	";"	 Cluster computing	";"	" Meteorological sensor network"""	";"		";"		";"						
"""Data mining (DM); Quality of product; Zero- defect manufacturing (ZDM)"";;;"	"""Data mining (DM)"	";"	 Quality of product	";"	" Zero- defect manufacturing (ZDM)"""	";"		";"		";"						
"""business process; data mining; ontology; SOA"";;"	"""business process"	";"	 data mining	";"	 ontology	";"	" SOA"""	";"		";"						
"""Business applications; Machine learning; Social network mining; Social networks"";;"	"""Business applications"	";"	 Machine learning	";"	 Social network mining	";"	" Social networks"""	";"		";"						
"""Business analytics; Management control systems; Performance management; Performance management systems; Performance measurement"";"	"""Business analytics"	";"	 Management control systems	";"	 Performance management	";"	 Performance management systems	";"	" Performance measurement"""	";"						
";;;;;"		";"		";"		";"		";"		";"						
"""Data Mining; Data Warehousing; Industrial application; Manufacturing"";;"	"""Data Mining"	";"	 Data Warehousing	";"	 Industrial application	";"	" Manufacturing"""	";"		";"						
";;;;;"		";"		";"		";"		";"		";"						
"""Business analytics; Evolutionary development; Organisational capabilities; Resource-based view"";;"	"""Business analytics"	";"	 Evolutionary development	";"	 Organisational capabilities	";"	" Resource-based view"""	";"		";"						
";;;;;"		";"		";"		";"		";"		";"						
"""Incident Management Processes; Security Analytics; SOC; What-if Analysis"";;"	"""Incident Management Processes"	";"	 Security Analytics	";"	 SOC	";"	" What-if Analysis"""	";"		";"						
";;;;;"		";"		";"		";"		";"		";"						
"""data use; principal leadership"";;;;"	"""data use"	";"	" principal leadership"""	";"		";"		";"		";"						
"""3D object modeling; business intelligence; calibration; complex event detection; context; geo-registration image and video understanding pixel-to-text retrieval search"""	"""3D object modeling"	";"	 business intelligence	";"	 calibration	";"	 complex event detection	";"	 context	";"	 geo-registration	 image and video understanding	 pixel-to-text	 retrieval	" search"""	
"""Ceramics; Decision trees; Fuzzy cluster analysis"";;;"	"""Ceramics"	";"	 Decision trees	";"	" Fuzzy cluster analysis"""	";"		";"		";"						
";;;;;"		";"		";"		";"		";"		";"						
";;;;;"		";"		";"		";"		";"		";"						
"""Data Analysis; Open Data"";;;;"	"""Data Analysis"	";"	" Open Data"""	";"		";"		";"		";"						
"""Post Project Reviews; Textual data mining"";;;;"	"""Post Project Reviews"	";"	" Textual data mining"""	";"		";"		";"		";"						
"""coordination; solvation; solvent lability"";;;"	"""coordination"	";"	 solvation	";"	" solvent lability"""	";"		";"		";"						
"""E-service analytics; IS success; Technology acceptance model"";;;"	"""E-service analytics"	";"	 IS success	";"	" Technology acceptance model"""	";"		";"		";"						
"""Data mining approach; Patient Rule Induction Method; Process optimization"";;;"	"""Data mining approach"	";"	 Patient Rule Induction Method	";"	" Process optimization"""	";"		";"		";"						
"""Chi 2 correlation statistic; decision rule; semiconductor anufacturing"";;;"	"""Chi 2 correlation statistic"	";"	 decision rule	";"	" semiconductor anufacturing"""	";"		";"		";"						
"""business ecosystem intelligence; convergence; dotlink360; graphics and multimedia; information visualization; mobile industry visual analytics"""	"""business ecosystem intelligence"	";"	 convergence	";"	 dotlink360	";"	 graphics and multimedia	";"	 information visualization	";"	 mobile industry	" visual analytics"""				
"""Cultural values; Decision making process; Global virtual teams; Keyword analysis; QDA miner; Transnational civil society"""	"""Cultural values"	";"	 Decision making process	";"	 Global virtual teams	";"	 Keyword analysis	";"	 QDA miner	";"	" Transnational civil society"""					
"""CRISP-DM; Knowledge discovery in databases; Lung cancer; Surgery mortality"";;"	"""CRISP-DM"	";"	 Knowledge discovery in databases	";"	 Lung cancer	";"	" Surgery mortality"""	";"		";"						
"""Big data analytics; Web 2.0"";;;;"	"""Big data analytics"	";"	" Web 2.0"""	";"		";"		";"		";"						
";;;;;"		";"		";"		";"		";"		";"						
"""data-driven decision making; student involvement; student voice; youth development"";;"	"""data-driven decision making"	";"	 student involvement	";"	 student voice	";"	" youth development"""	";"		";"						
"""Corpus-based analysis; Knowledge management; Observa-tional study; Satellite manufacturing; Small medium enterprise; Text analysis"""	"""Corpus-based analysis"	";"	 Knowledge management	";"	 Observa-tional study	";"	 Satellite manufacturing	";"	 Small medium enterprise	";"	" Text analysis"""					
"""Business cycle; Financial crisis; Financial engineering"";;;"	"""Business cycle"	";"	 Financial crisis	";"	" Financial engineering"""	";"		";"		";"						
"""Business Analytics and Optimization; Future trends; Methodological Research; Real-life Applications"";;"	"""Business Analytics and Optimization"	";"	 Future trends	";"	 Methodological Research	";"	" Real-life Applications"""	";"		";"						
"""Data mining; Feature selection; Over-sampling technique; Rare class mining; Semiconductor manufacturing process"";"	"""Data mining"	";"	 Feature selection	";"	 Over-sampling technique	";"	 Rare class mining	";"	" Semiconductor manufacturing process"""	";"						
";;;;;"		";"		";"		";"		";"		";"						
"""Algorithm; Distributed; Organization; Parallel"";;"	"""Algorithm"	";"	 Distributed	";"	 Organization	";"	" Parallel"""	";"		";"						
"""Business analytics; Germany; Performance management; Strategic planning"";;"	"""Business analytics"	";"	 Germany	";"	 Performance management	";"	" Strategic planning"""	";"		";"						
"""BPM; CRISP; Data mining patterns; Integration; Reuse"";"	"""BPM"	";"	 CRISP	";"	 Data mining patterns	";"	 Integration	";"	" Reuse"""	";"						
";;;;;"		";"		";"		";"		";"		";"						
";;;;;"		";"		";"		";"		";"		";"						
"""Admissions; Data Mining; Kohonen; SOM"";;"	"""Admissions"	";"	 Data Mining	";"	 Kohonen	";"	" SOM"""	";"		";"						
"""Analytical CRM; Customer relationship management; Data mining; DM; India; Information technology Level of significance LOS Mobile customer relationship management PCA Principal component analysis"""	"""Analytical CRM"	";"	 Customer relationship management	";"	 Data mining	";"	 DM	";"	 India	";"	 Information technology	 Level of significance	 LOS	 Mobile customer relationship management	 PCA	" Principal component analysis"""
";;;;;"		";"		";"		";"		";"		";"						
"""Data integration; Decision support system; Incident information management; Multiple criteria decision making"";;"	"""Data integration"	";"	 Decision support system	";"	 Incident information management	";"	" Multiple criteria decision making"""	";"		";"						
"""Artificial neural network; Data mining; Model evaluation; Optimal decision making"";;"	"""Artificial neural network"	";"	 Data mining	";"	 Model evaluation	";"	" Optimal decision making"""	";"		";"						
"""Business analysis; Data mining; Knowledge management"";;;"	"""Business analysis"	";"	 Data mining	";"	" Knowledge management"""	";"		";"		";"						
"""Assembly lines; Logistics"";;;;"	"""Assembly lines"	";"	" Logistics"""	";"		";"		";"		";"						
";;;;;"		";"		";"		";"		";"		";"						
"""Enterprise effectiveness; Simulation"";;;;"	"""Enterprise effectiveness"	";"	" Simulation"""	";"		";"		";"		";"						
"""Association rules mining; Ecommerce; Social communities; Social network analysis; Web mining"";"	"""Association rules mining"	";"	 Ecommerce	";"	 Social communities	";"	 Social network analysis	";"	" Web mining"""	";"						
";;;;;"		";"		";"		";"		";"		";"						
";;;;;"		";"		";"		";"		";"		";"						
";;;;;"		";"		";"		";"		";"		";"						
"""Data mining; Regression rules/decision rules; Semiconductor manufacturing"";;;"	"""Data mining"	";"	 Regression rules/decision rules	";"	" Semiconductor manufacturing"""	";"		";"		";"						
"""Attribute relevance analysis; Decision trees; Knowledge discovery in databases; Rule induction"";;"	"""Attribute relevance analysis"	";"	 Decision trees	";"	 Knowledge discovery in databases	";"	" Rule induction"""	";"		";"						
"""Business Rule and Discovery;;;;;"	"""Business Rule and Discovery"	";"		";"		";"		";"		";"						
"""Business decision; Selection model"";;;;"	"""Business decision"	";"	" Selection model"""	";"		";"		";"		";"						
"""business intelligence; OLAP; reporting services; Retail"";;"	"""business intelligence"	";"	 OLAP	";"	 reporting services	";"	" Retail"""	";"		";"						
"""e-Business; Enterprise ontologies; Interoperability; Knowledge integration; Semantic of data integration; Semantic of integration information Semantic web"""	"""e-Business"	";"	 Enterprise ontologies	";"	 Interoperability	";"	 Knowledge integration	";"	 Semantic of data integration	";"	 Semantic of integration information	" Semantic web"""				
"""Data-driven decision making;;;;;"	"""Data-driven decision making"	";"		";"		";"		";"		";"						
"""CRM; Data mining; DM; Information technology; IT; MCRM Mobile business Mobile customer relationship management"""	"""CRM"	";"	 Data mining	";"	 DM	";"	 Information technology	";"	 IT	";"	 MCRM	 Mobile business	" Mobile customer relationship management"""			
"""Advanced criminal justice techniques; Decision support systems; Informatics research"";;;"	"""Advanced criminal justice techniques"	";"	 Decision support systems	";"	" Informatics research"""	";"		";"		";"						
"""Data mining; Simple additive weight"";;;;"	"""Data mining"	";"	" Simple additive weight"""	";"		";"		";"		";"						
"""Biotechnology; Data mining; Exploratory data analysis; Hypothesis generation; Multivariate data analysis; PLS (partial least squares regression) Random forests Vaccines"""	"""Biotechnology"	";"	 Data mining	";"	 Exploratory data analysis	";"	 Hypothesis generation	";"	 Multivariate data analysis	";"	 PLS (partial least squares regression)	 Random forests	" Vaccines"""			
"""Analytical capabilities; Information systems; Performance; SCOR; Supply chain management"";"	"""Analytical capabilities"	";"	 Information systems	";"	 Performance	";"	 SCOR	";"	" Supply chain management"""	";"						
";;;;;"		";"		";"		";"		";"		";"						
"""Collection development; DDDM; Electronic books; Electronic collection; Electronic journals"";"	"""Collection development"	";"	 DDDM	";"	 Electronic books	";"	 Electronic collection	";"	" Electronic journals"""	";"						
"""Data mining; Pavement distress; Pavement management"";;;"	"""Data mining"	";"	 Pavement distress	";"	" Pavement management"""	";"		";"		";"						
"""Business strategy; Datamining; EKB model; Refurbishment industry; Service quality"";"	"""Business strategy"	";"	 Datamining	";"	 EKB model	";"	 Refurbishment industry	";"	" Service quality"""	";"						
"""data mining; rough set theory; TFT-LCD manufacturing; yield enhancement"";;"	"""data mining"	";"	 rough set theory	";"	 TFT-LCD manufacturing	";"	" yield enhancement"""	";"		";"						
"""Machine grouping; Particle swarm optimization"";;;;"	"""Machine grouping"	";"	" Particle swarm optimization"""	";"		";"		";"		";"						
";;;;;"		";"		";"		";"		";"		";"						
"""Attribute reduction; Minimum decision rule; Project decision-making; Risk decision; Rough sets"";"	"""Attribute reduction"	";"	 Minimum decision rule	";"	 Project decision-making	";"	 Risk decision	";"	" Rough sets"""	";"						
";;;;;"		";"		";"		";"		";"		";"						
"""Multivariate statistics; Neural networks; New technology management; Software engineering"";;"	"""Multivariate statistics"	";"	 Neural networks	";"	 New technology management	";"	" Software engineering"""	";"		";"						
"""Data mining applications;;;;;"	"""Data mining applications"	";"		";"		";"		";"		";"						
"""Business logistics; Fuzzy clustering; Sizing systems"";;;"	"""Business logistics"	";"	 Fuzzy clustering	";"	" Sizing systems"""	";"		";"		";"						
"""Data mining; Semiconductor manufacturing system"";;;;"	"""Data mining"	";"	" Semiconductor manufacturing system"""	";"		";"		";"		";"						
";;;;;"		";"		";"		";"		";"		";"						
"""Business intelligence; Graphical user interface; GUI; Information technology; Value driver"";"	"""Business intelligence"	";"	 Graphical user interface	";"	 GUI	";"	 Information technology	";"	" Value driver"""	";"						
"""Data mining; Predictive modeling; Process optimization; Rule induction"";;"	"""Data mining"	";"	 Predictive modeling	";"	 Process optimization	";"	" Rule induction"""	";"		";"						
"""Data mining; Literature review; Manufacturing; Text mining"";;"	"""Data mining"	";"	 Literature review	";"	 Manufacturing	";"	" Text mining"""	";"		";"						
";;;;;"		";"		";"		";"		";"		";"						
";;;;;"		";"		";"		";"		";"		";"						
";;;;;"		";"		";"		";"		";"		";"						
"""Association rules mining; Information technology business value; Productivity paradox"";;;"	"""Association rules mining"	";"	 Information technology business value	";"	" Productivity paradox"""	";"		";"		";"						
"""Business understanding; Data mining; Framework"";;;"	"""Business understanding"	";"	 Data mining	";"	" Framework"""	";"		";"		";"						
";;;;;"		";"		";"		";"		";"		";"						
"""Decision support systems; Lean manufacturing; Maintenance engineering; Maintenance management; Maintenance scheduling; Manufacturing systems Production control Productivity improvement Simulation applications"""	"""Decision support systems"	";"	 Lean manufacturing	";"	 Maintenance engineering	";"	 Maintenance management	";"	 Maintenance scheduling	";"	 Manufacturing systems	 Production control	 Productivity improvement	" Simulation applications"""		
"""Analytical patterns; Business Intelligence; Data Mining; Forecasting; Guided Analytics; Intellectual Capital Intelligent Organization Knowledge Informatics Knowledge Management Optimization Structured Analytics"""	"""Analytical patterns"	";"	 Business Intelligence	";"	 Data Mining	";"	 Forecasting	";"	 Guided Analytics	";"	 Intellectual Capital	 Intelligent Organization	 Knowledge Informatics	 Knowledge Management	 Optimization	" Structured Analytics"""
"""Bottleneck; Short term; Turning point"";;;"	"""Bottleneck"	";"	 Short term	";"	" Turning point"""	";"		";"		";"						
"""Data mining; Manufacturing process parameters; Regression models; Significance analysis; Statistical methods"";"	"""Data mining"	";"	 Manufacturing process parameters	";"	 Regression models	";"	 Significance analysis	";"	" Statistical methods"""	";"						
";;;;;"		";"		";"		";"		";"		";"						
"""Data; Information use environment; Leadership dimension; Principal"";;"	"""Data"	";"	 Information use environment	";"	 Leadership dimension	";"	" Principal"""	";"		";"						
";;;;;"		";"		";"		";"		";"		";"						
"""Accountability; Education reform; Principal-agent theory; School improvement; Urban education"";"	"""Accountability"	";"	 Education reform	";"	 Principal-agent theory	";"	 School improvement	";"	" Urban education"""	";"						
"""Blogs; Data mining; Knowledge management; Knowledge sharing"";;"	"""Blogs"	";"	 Data mining	";"	 Knowledge management	";"	" Knowledge sharing"""	";"		";"						
"""Business analysis; Supply chain management"";;;;"	"""Business analysis"	";"	" Supply chain management"""	";"		";"		";"		";"						
"""Data mining; P3P; Privacy; Web analytics"";;"	"""Data mining"	";"	 P3P	";"	 Privacy	";"	" Web analytics"""	";"		";"						
"""BPNN; Data mining; Imputation; Missing data; Regression"";"	"""BPNN"	";"	 Data mining	";"	 Imputation	";"	 Missing data	";"	" Regression"""	";"						
";;;;;"		";"		";"		";"		";"		";"						
"""ANN; Cellular Manufacturing; CM; data mining"";;"	"""ANN"	";"	 Cellular Manufacturing	";"	 CM	";"	" data mining"""	";"		";"						
"""Data mining applications;;;;;"	"""Data mining applications"	";"		";"		";"		";"		";"						
"""Markov Models; sequence mining"";;;;"	"""Markov Models"	";"	" sequence mining"""	";"		";"		";"		";"						
";;;;;"		";"		";"		";"		";"		";"						
"""Audits; Fraud and abuse"";;;;"	"""Audits"	";"	" Fraud and abuse"""	";"		";"		";"		";"						
"""Business analytics; Decision-making; Information systems; Packaged analytical applications"";;"	"""Business analytics"	";"	 Decision-making	";"	 Information systems	";"	" Packaged analytical applications"""	";"		";"						
";;;;;"		";"		";"		";"		";"		";"						
"""Business analytics; Hype curve; KDnuggets"";;;"	"""Business analytics"	";"	 Hype curve	";"	" KDnuggets"""	";"		";"		";"						
"""Data mining; Game theory; Manufacturing strategy analysis; Nash equilibrium"";;"	"""Data mining"	";"	 Game theory	";"	 Manufacturing strategy analysis	";"	" Nash equilibrium"""	";"		";"						
"""Assembly; Data Mining; Knowledge discovery; Maintenance; Manufacturing"";"	"""Assembly"	";"	 Data Mining	";"	 Knowledge discovery	";"	 Maintenance	";"	" Manufacturing"""	";"						
"""Data mining arithmetic; Intelligence database; Intelligence processing; Intelligence requirement"";;"	"""Data mining arithmetic"	";"	 Intelligence database	";"	 Intelligence processing	";"	" Intelligence requirement"""	";"		";"						
"""Data mining; Parameter optimization; Quality control"";;;"	"""Data mining"	";"	 Parameter optimization	";"	" Quality control"""	";"		";"		";"						
"""Actionable data mining; Decision theory; Ensemble classification; Knowledge discovery; Semiconductor manufacturing; Stochastic yield"""	"""Actionable data mining"	";"	 Decision theory	";"	 Ensemble classification	";"	 Knowledge discovery	";"	 Semiconductor manufacturing	";"	" Stochastic yield"""					
"""Clustering; Decision tree; Defect diagnosis; Semiconductor manufacturing; Yield enhancement"";"	"""Clustering"	";"	 Decision tree	";"	 Defect diagnosis	";"	 Semiconductor manufacturing	";"	" Yield enhancement"""	";"						
"""ART1; Neural networks; Quality engineering; Semiconductor manufacturing; Spatial randomness test; Wafer bin map Yield improvement"""	"""ART1"	";"	 Neural networks	";"	 Quality engineering	";"	 Semiconductor manufacturing	";"	 Spatial randomness test	";"	 Wafer bin map	" Yield improvement"""				
";;;;;"		";"		";"		";"		";"		";"						
";;;;;"		";"		";"		";"		";"		";"						
"""Conceptual validation; Latent variable selection cycle; Near Infrared Reflection Spectroscopy; Phenome modelling; Self-organising biological systems"";"	"""Conceptual validation"	";"	 Latent variable selection cycle	";"	 Near Infrared Reflection Spectroscopy	";"	 Phenome modelling	";"	" Self-organising biological systems"""	";"						
"""Data mining; Engineering decision making; Reasoning mechanism"";;;"	"""Data mining"	";"	 Engineering decision making	";"	" Reasoning mechanism"""	";"		";"		";"						
"""Data mining; Lead time estimation; Production; Regression trees"";;"	"""Data mining"	";"	 Lead time estimation	";"	 Production	";"	" Regression trees"""	";"		";"						
"""Anglicism; Comparable corpus; Concordance; Data-driven learning; Frequency list; Loan word Parallel corpus Translation"""	"""Anglicism"	";"	 Comparable corpus	";"	 Concordance	";"	 Data-driven learning	";"	 Frequency list	";"	 Loan word	 Parallel corpus	" Translation"""			
";;;;;"		";"		";"		";"		";"		";"						
"""Eigenspace; Principal component analysis; Variation reduction; Variation source identification"";;"	"""Eigenspace"	";"	 Principal component analysis	";"	 Variation reduction	";"	" Variation source identification"""	";"		";"						
"""Batch-sequential method; Electric power supply; Kalman-filter processing; Knowledge extraction; Principal component time-series; Self-organised state-space"""	"""Batch-sequential method"	";"	 Electric power supply	";"	 Kalman-filter processing	";"	 Knowledge extraction	";"	 Principal component time-series	";"	" Self-organised state-space"""					
"""Data mining; Feature set-decomposition; Quality engineering; Splitting criterion"";;"	"""Data mining"	";"	 Feature set-decomposition	";"	 Quality engineering	";"	" Splitting criterion"""	";"		";"						
"""Data mining; Genetic programming; Semiconductor manufacturing; Yield prediction"";;"	"""Data mining"	";"	 Genetic programming	";"	 Semiconductor manufacturing	";"	" Yield prediction"""	";"		";"						
";;;;;"		";"		";"		";"		";"		";"						
"""Data mining; Manufacturing process control; Rough sets"";;;"	"""Data mining"	";"	 Manufacturing process control	";"	" Rough sets"""	";"		";"		";"						
"""Agent; Distributed data mining"";;;;"	"""Agent"	";"	" Distributed data mining"""	";"		";"		";"		";"						
"""High quality; Onshu mandarin orange; Probabilistic neural network"";;;"	"""High quality"	";"	 Onshu mandarin orange	";"	" Probabilistic neural network"""	";"		";"		";"						
"""Business process re-engineering; Knowledge management"";;;;"	"""Business process re-engineering"	";"	" Knowledge management"""	";"		";"		";"		";"						
"""Data mining; Text mining; Topic analysis"";;;"	"""Data mining"	";"	 Text mining	";"	" Topic analysis"""	";"		";"		";"						
"""Analysis of variance; Mathematical analysis; Statistical methods of analysis"";;;"	"""Analysis of variance"	";"	 Mathematical analysis	";"	" Statistical methods of analysis"""	";"		";"		";"						
"""Computer integrated manufacturing (CIM); Data warehouse"";;;;"	"""Computer integrated manufacturing (CIM)"	";"	" Data warehouse"""	";"		";"		";"		";"						
";;;;;"		";"		";"		";"		";"		";"						
"""Data Mining; Manufacturing Data Analysis; Performance Index Hierarchy; Semiconductor Manufacturing Management"";;"	"""Data Mining"	";"	 Manufacturing Data Analysis	";"	 Performance Index Hierarchy	";"	" Semiconductor Manufacturing Management"""	";"		";"						
";;;;;"		";"		";"		";"		";"		";"						
";;;;;"		";"		";"		";"		";"		";"						
"""Data mart; Data warehouse; Decision tree; Enterprise resource planning (ERP); OLAP"";"	"""Data mart"	";"	 Data warehouse	";"	 Decision tree	";"	 Enterprise resource planning (ERP)	";"	" OLAP"""	";"						
"""Business insights; Business models; Competitive advantage; Knowledge management; Web-based data mining"";"	"""Business insights"	";"	 Business models	";"	 Competitive advantage	";"	 Knowledge management	";"	" Web-based data mining"""	";"						
"""Classification; Decision support systems; Predictive data mining"";;;"	"""Classification"	";"	 Decision support systems	";"	" Predictive data mining"""	";"		";"		";"						
"""Data mining; Marketing strategy; Retailers; Strategic planning; Technology"";"	"""Data mining"	";"	 Marketing strategy	";"	 Retailers	";"	 Strategic planning	";"	" Technology"""	";"						
"""Business performance; Surveying firms"";;;;"	"""Business performance"	";"	" Surveying firms"""	";"		";"		";"		";"						
";;;;;"		";"		";"		";"		";"		";"						
";;;;;"		";"		";"		";"		";"		";"						
";;;;;"		";"		";"		";"		";"		";"						
"""Data mining; Defect diagnosis; Neural network; Semiconductor manufacturing; Wafer bin-map"";"	"""Data mining"	";"	 Defect diagnosis	";"	 Neural network	";"	 Semiconductor manufacturing	";"	" Wafer bin-map"""	";"						
"""Data mining; Manufacturing; Neural networks; Smart systems"";;"	"""Data mining"	";"	 Manufacturing	";"	 Neural networks	";"	" Smart systems"""	";"		";"						
"""Data mining; Decision tree; Defect diagnosis; Semiconductor manufacturing data"";;"	"""Data mining"	";"	 Decision tree	";"	 Defect diagnosis	";"	" Semiconductor manufacturing data"""	";"		";"						
"""Data mining;;;;;"	"""Data mining"	";"		";"		";"		";"		";"						
";;;;;"		";"		";"		";"		";"		";"						
"""Data mining; Multidimensional database; OLAP; Rule-based reasoning"";;"	"""Data mining"	";"	 Multidimensional database	";"	 OLAP	";"	" Rule-based reasoning"""	";"		";"						
"""Data mining; Evolutionary computation; Knowledge discovery; Knowledge structuring; Rough set theory; Semiconductor manufacturing"""	"""Data mining"	";"	 Evolutionary computation	";"	 Knowledge discovery	";"	 Knowledge structuring	";"	 Rough set theory	";"	" Semiconductor manufacturing"""					
";;;;;"		";"		";"		";"		";"		";"						
";;;;;"		";"		";"		";"		";"		";"						
";;;;;"		";"		";"		";"		";"		";"						
";;;;;"		";"		";"		";"		";"		";"						
";;;;;"		";"		";"		";"		";"		";"						
"""Data Mining;;;;;"	"""Data Mining"	";"		";"		";"		";"		";"						
"""Active sensors; Gabor functions; Multisensor organization; Perceptual models"";;"	"""Active sensors"	";"	 Gabor functions	";"	 Multisensor organization	";"	" Perceptual models"""	";"		";"						
"""Chaos; Data mining; Learning; Prediction"";;"	"""Chaos"	";"	 Data mining	";"	 Learning	";"	" Prediction"""	";"		";"						
";;;;;"		";"		";"		";"		";"		";"						
"""Algorithm parameters; Data mining; Machine learning; Managerial decision making; Probabilistic inductive learning"";"	"""Algorithm parameters"	";"	 Data mining	";"	 Machine learning	";"	 Managerial decision making	";"	" Probabilistic inductive learning"""	";"						
";;;;;"		";"		";"		";"		";"		";"						
";;;;;"		";"		";"		";"		";"		";"						
";;;;;"		";"		";"		";"		";"		";"						
";;;;;"		";"		";"		";"		";"		";"						
";;;;;"		";"		";"		";"		";"		";"						
";;;;;"		";"		";"		";"		";"		";"						
"""Artificial intelligence; emergency room procedures; expert system; Index Terms; medical decision making; microcomputer applications rule-based system"""	"""Artificial intelligence"	";"	 emergency room procedures	";"	 expert system	";"	 Index Terms	";"	 medical decision making	";"	 microcomputer applications	" rule-based system"""				
";;;;;"		";"		";"		";"		";"		";"						
";;;;;"		";"		";"		";"		";"		";"						
